I (50913) vango_firmware: 270,257
I (50923) vango_firmware: 278,261
I (50933) vango_firmware: 257,244
I (50943) vango_firmware: 265,252
I (50953) vango_firmware: 270,248
I (50963) vango_firmware: 265,252
I (50973) vango_firmware: 270,252
I (50983) vango_firmware: 270,248
I (50993) vango_firmware: 265,248
I (51003) vango_firmware: 270,252
I (51013) vango_firmware: 270,248
I (51023) vango_firmware: 270,248
I (51033) vango_firmware: 265,248
I (51043) vango_firmware: 270,252
I (51053) vango_firmware: 270,248
I (51063) vango_firmware: 265,248
I (51073) vango_firmware: 270,248
I (51083) vango_firmware: 270,252
I (51093) vango_firmware: 265,248
I (51103) vango_firmware: 270,248
I (51113) vango_firmware: 270,252
I (51123) vango_firmware: 265,248
I (51133) vango_firmware: 270,248
I (51143) vango_firmware: 265,244
I (51153) vango_firmware: 270,252
I (51163) vango_firmware: 270,248
I (51173) vango_firmware: 270,244
I (51183) vango_firmware: 270,248
I (51193) vango_firmware: 265,248
I (51203) vango_firmware: 270,248
I (51213) vango_firmware: 265,248
I (51223) vango_firmware: 270,248
I (51233) vango_firmware: 270,244
I (51243) vango_firmware: 270,248
I (51253) vango_firmware: 265,248
I (51263) vango_firmware: 270,248
I (51273) vango_firmware: 270,248
I (51283) vango_firmware: 270,244
I (51293) vango_firmware: 270,248
I (51303) vango_firmware: 265,248
I (51313) vango_firmware: 270,248
I (51323) vango_firmware: 265,248
I (51333) vango_firmware: 270,244
I (51343) vango_firmware: 270,248
I (51353) vango_firmware: 265,248
I (51363) vango_firmware: 270,248
I (51373) vango_firmware: 270,244
I (51383) vango_firmware: 265,248
I (51393) vango_firmware: 270,248
I (51403) vango_firmware: 270,248
I (51413) vango_firmware: 265,244
I (51423) vango_firmware: 270,248
I (51433) vango_firmware: 270,248
I (51443) vango_firmware: 270,248
I (51453) vango_firmware: 270,248
I (51463) vango_firmware: 265,248
I (51473) vango_firmware: 270,244
I (51483) vango_firmware: 270,248
I (51493) vango_firmware: 265,248
I (51503) vango_firmware: 270,248
I (51513) vango_firmware: 270,248
I (51523) vango_firmware: 270,244
I (51533) vango_firmware: 265,248
I (51543) vango_firmware: 270,248
I (51553) vango_firmware: 270,244
I (51563) vango_firmware: 265,248
I (51573) vango_firmware: 270,248
I (51583) vango_firmware: 265,244
I (51593) vango_firmware: 270,248
I (51603) vango_firmware: 270,248
I (51613) vango_firmware: 270,244
I (51623) vango_firmware: 265,248
I (51633) vango_firmware: 270,248
I (51643) vango_firmware: 270,244
I (51653) vango_firmware: 270,248
I (51663) vango_firmware: 265,248
I (51673) vango_firmware: 270,248
I (51683) vango_firmware: 270,244
I (51693) vango_firmware: 270,248
I (51703) vango_firmware: 270,248
I (51713) vango_firmware: 265,244
I (51723) vango_firmware: 270,248
I (51733) vango_firmware: 270,248
I (51743) vango_firmware: 265,244
I (51753) vango_firmware: 270,248
I (51763) vango_firmware: 270,248
I (51773) vango_firmware: 270,248
I (51783) vango_firmware: 270,244
I (51793) vango_firmware: 265,248
I (51803) vango_firmware: 270,248
I (51813) vango_firmware: 270,244
I (51823) vango_firmware: 265,248
I (51833) vango_firmware: 270,248
I (51843) vango_firmware: 270,244
I (51853) vango_firmware: 265,248
I (51863) vango_firmware: 270,248
I (51873) vango_firmware: 270,248
I (51883) vango_firmware: 270,244
I (51893) vango_firmware: 270,248
I (51903) vango_firmware: 270,248
I (51913) vango_firmware: 265,244
I (51923) vango_firmware: 270,248
I (51933) vango_firmware: 270,248
I (51943) vango_firmware: 270,248
I (51953) vango_firmware: 270,244
I (51963) vango_firmware: 270,248
I (51973) vango_firmware: 265,248
I (51983) vango_firmware: 270,244
I (51993) vango_firmware: 270,248
I (52003) vango_firmware: 265,248
I (52013) vango_firmware: 270,248
I (52023) vango_firmware: 270,244
I (52033) vango_firmware: 270,248
I (52043) vango_firmware: 270,248
I (52053) vango_firmware: 265,244
I (52063) vango_firmware: 270,248
I (52073) vango_firmware: 270,248
I (52083) vango_firmware: 270,248
I (52093) vango_firmware: 270,244
I (52103) vango_firmware: 270,248
I (52113) vango_firmware: 265,244
I (52123) vango_firmware: 270,248
I (52133) vango_firmware: 270,248
I (52143) vango_firmware: 270,248
I (52153) vango_firmware: 270,244
I (52163) vango_firmware: 270,248
I (52173) vango_firmware: 265,248
I (52183) vango_firmware: 270,244
I (52193) vango_firmware: 270,248
I (52203) vango_firmware: 270,248
I (52213) vango_firmware: 270,244
I (52223) vango_firmware: 265,248
I (52233) vango_firmware: 270,244
I (52243) vango_firmware: 270,248
I (52253) vango_firmware: 270,248
I (52263) vango_firmware: 270,248
I (52273) vango_firmware: 265,244
I (52283) vango_firmware: 270,248
I (52293) vango_firmware: 270,244
I (52303) vango_firmware: 270,248
I (52313) vango_firmware: 270,244
I (52323) vango_firmware: 265,248
I (52333) vango_firmware: 270,244
I (52343) vango_firmware: 270,248
I (52353) vango_firmware: 270,248
I (52363) vango_firmware: 270,244
I (52373) vango_firmware: 265,244
I (52383) vango_firmware: 274,248
I (52393) vango_firmware: 265,248
I (52403) vango_firmware: 270,244
I (52413) vango_firmware: 270,248
I (52423) vango_firmware: 270,244
I (52433) vango_firmware: 270,248
I (52443) vango_firmware: 265,244
I (52453) vango_firmware: 270,244
I (52463) vango_firmware: 270,248
I (52473) vango_firmware: 270,244
I (52483) vango_firmware: 270,244
I (52493) vango_firmware: 265,244
I (52503) vango_firmware: 274,244
I (52513) vango_firmware: 265,244
I (52523) vango_firmware: 270,244
I (52533) vango_firmware: 270,248
I (52543) vango_firmware: 270,244
I (52553) vango_firmware: 270,244
I (52563) vango_firmware: 265,248
I (52573) vango_firmware: 270,244
I (52583) vango_firmware: 270,244
I (52593) vango_firmware: 270,244
I (52603) vango_firmware: 270,244
I (52613) vango_firmware: 270,244
I (52623) vango_firmware: 270,244
I (52633) vango_firmware: 270,244
I (52643) vango_firmware: 265,244
I (52653) vango_firmware: 270,244
I (52663) vango_firmware: 270,244
I (52673) vango_firmware: 270,244
I (52683) vango_firmware: 270,244
I (52693) vango_firmware: 270,244
I (52703) vango_firmware: 265,244
I (52713) vango_firmware: 270,244
I (52723) vango_firmware: 270,244
I (52733) vango_firmware: 270,244
I (52743) vango_firmware: 270,244
I (52753) vango_firmware: 270,240
I (52763) vango_firmware: 265,244
I (52773) vango_firmware: 270,244
I (52783) vango_firmware: 270,244
I (52793) vango_firmware: 270,244
I (52803) vango_firmware: 270,240
I (52813) vango_firmware: 270,244
I (52823) vango_firmware: 270,244
I (52833) vango_firmware: 270,244
I (52843) vango_firmware: 265,240
I (52853) vango_firmware: 270,244
I (52863) vango_firmware: 270,244
I (52873) vango_firmware: 270,244
I (52883) vango_firmware: 270,240
I (52893) vango_firmware: 270,244
I (52903) vango_firmware: 265,244
I (52913) vango_firmware: 270,240
I (52923) vango_firmware: 270,244
I (52933) vango_firmware: 270,240
I (52943) vango_firmware: 270,244
I (52953) vango_firmware: 270,240
I (52963) vango_firmware: 265,240
I (52973) vango_firmware: 270,244
I (52983) vango_firmware: 270,240
I (52993) vango_firmware: 270,240
I (53003) vango_firmware: 270,240
I (53013) vango_firmware: 270,244
I (53023) vango_firmware: 265,240
I (53033) vango_firmware: 270,235
I (53043) vango_firmware: 270,240
I (53053) vango_firmware: 265,240
I (53063) vango_firmware: 270,240
I (53073) vango_firmware: 270,240
I (53083) vango_firmware: 270,235
I (53093) vango_firmware: 270,240
I (53103) vango_firmware: 270,240
I (53113) vango_firmware: 265,235
I (53123) vango_firmware: 270,240
I (53133) vango_firmware: 270,235
I (53143) vango_firmware: 270,240
I (53153) vango_firmware: 270,235
I (53163) vango_firmware: 265,240
I (53173) vango_firmware: 270,235
I (53183) vango_firmware: 270,235
I (53193) vango_firmware: 270,235
I (53203) vango_firmware: 270,235
I (53213) vango_firmware: 270,235
I (53223) vango_firmware: 270,235
I (53233) vango_firmware: 265,235
I (53243) vango_firmware: 270,235
I (53253) vango_firmware: 270,235
I (53263) vango_firmware: 270,231
I (53273) vango_firmware: 270,235
I (53283) vango_firmware: 270,235
I (53293) vango_firmware: 270,231
I (53303) vango_firmware: 265,235
I (53313) vango_firmware: 270,235
I (53323) vango_firmware: 270,231
I (53333) vango_firmware: 270,235
I (53343) vango_firmware: 270,231
I (53353) vango_firmware: 270,235
I (53363) vango_firmware: 270,231
I (53373) vango_firmware: 270,235
I (53383) vango_firmware: 270,231
I (53393) vango_firmware: 265,231
I (53403) vango_firmware: 270,235
I (53413) vango_firmware: 270,231
I (53423) vango_firmware: 270,231
I (53433) vango_firmware: 270,231
I (53443) vango_firmware: 265,231
I (53453) vango_firmware: 270,235
I (53463) vango_firmware: 270,231
I (53473) vango_firmware: 270,231
I (53483) vango_firmware: 270,231
I (53493) vango_firmware: 270,231
I (53503) vango_firmware: 265,231
I (53513) vango_firmware: 270,235
I (53523) vango_firmware: 274,231
I (53533) vango_firmware: 270,231
I (53543) vango_firmware: 265,227
I (53553) vango_firmware: 270,231
I (53563) vango_firmware: 270,235
I (53573) vango_firmware: 270,227
I (53583) vango_firmware: 270,231
I (53593) vango_firmware: 270,227
I (53603) vango_firmware: 265,231
I (53613) vango_firmware: 270,231
I (53623) vango_firmware: 270,227
I (53633) vango_firmware: 265,227
I (53643) vango_firmware: 274,231
I (53653) vango_firmware: 270,231
I (53663) vango_firmware: 265,227
I (53673) vango_firmware: 270,227
I (53683) vango_firmware: 270,231
I (53693) vango_firmware: 270,231
I (53703) vango_firmware: 265,227
I (53713) vango_firmware: 270,231
I (53723) vango_firmware: 270,231
I (53733) vango_firmware: 270,227
I (53743) vango_firmware: 270,231
I (53753) vango_firmware: 270,227
I (53763) vango_firmware: 270,231
I (53773) vango_firmware: 270,227
I (53783) vango_firmware: 270,231
I (53793) vango_firmware: 270,227
I (53803) vango_firmware: 270,227
I (53813) vango_firmware: 265,231
I (53823) vango_firmware: 270,227
I (53833) vango_firmware: 270,227
I (53843) vango_firmware: 158,227
I (53853) vango_firmware: 698,227
I (53863) vango_firmware: 261,231
I (53873) vango_firmware: 240,222
I (53883) vango_firmware: 248,227
I (53893) vango_firmware: 252,227
I (53903) vango_firmware: 252,222
I (53913) vango_firmware: 252,231
I (53923) vango_firmware: 261,227
I (53933) vango_firmware: 257,222
I (53943) vango_firmware: 261,227
I (53953) vango_firmware: 261,227
I (53963) vango_firmware: 265,222
I (53973) vango_firmware: 265,227
I (53983) vango_firmware: 265,227
I (53993) vango_firmware: 265,222
I (54003) vango_firmware: 270,227
I (54013) vango_firmware: 270,227
I (54023) vango_firmware: 265,222
I (54033) vango_firmware: 270,227
I (54043) vango_firmware: 270,227
I (54053) vango_firmware: 265,222
I (54063) vango_firmware: 270,227
I (54073) vango_firmware: 270,227
I (54083) vango_firmware: 265,222
I (54093) vango_firmware: 270,222
I (54103) vango_firmware: 270,227
I (54113) vango_firmware: 270,227
I (54123) vango_firmware: 270,222
I (54133) vango_firmware: 270,222
I (54143) vango_firmware: 265,222
I (54153) vango_firmware: 270,227
I (54163) vango_firmware: 270,222
I (54173) vango_firmware: 270,222
I (54183) vango_firmware: 270,222
I (54193) vango_firmware: 270,227
I (54203) vango_firmware: 270,218
I (54213) vango_firmware: 270,227
I (54223) vango_firmware: 270,222
I (54233) vango_firmware: 270,222
I (54243) vango_firmware: 270,222
I (54253) vango_firmware: 270,222
I (54263) vango_firmware: 265,222
I (54273) vango_firmware: 270,222
I (54283) vango_firmware: 270,222
I (54293) vango_firmware: 270,222
I (54303) vango_firmware: 270,222
I (54313) vango_firmware: 270,222
I (54323) vango_firmware: 265,222
I (54333) vango_firmware: 270,222
I (54343) vango_firmware: 270,218
I (54353) vango_firmware: 270,222
I (54363) vango_firmware: 270,222
I (54373) vango_firmware: 270,222
I (54383) vango_firmware: 265,222
I (54393) vango_firmware: 270,218
I (54403) vango_firmware: 274,227
I (54413) vango_firmware: 265,218
I (54423) vango_firmware: 270,222
I (54433) vango_firmware: 270,222
I (54443) vango_firmware: 270,222
I (54453) vango_firmware: 270,222
I (54463) vango_firmware: 270,222
I (54473) vango_firmware: 265,222
I (54483) vango_firmware: 270,218
I (54493) vango_firmware: 274,227
I (54503) vango_firmware: 265,218
I (54513) vango_firmware: 270,222
I (54523) vango_firmware: 270,222
I (54533) vango_firmware: 265,218
I (54543) vango_firmware: 270,222
I (54553) vango_firmware: 274,222
I (54563) vango_firmware: 265,218
I (54573) vango_firmware: 270,222
I (54583) vango_firmware: 270,222
I (54593) vango_firmware: 265,218
I (54603) vango_firmware: 270,222
I (54613) vango_firmware: 274,227
I (54623) vango_firmware: 265,214
I (54633) vango_firmware: 270,222
I (54643) vango_firmware: 270,222
I (54653) vango_firmware: 265,218
I (54663) vango_firmware: 270,222
I (54673) vango_firmware: 274,222
I (54683) vango_firmware: 265,218
I (54693) vango_firmware: 270,218
I (54703) vango_firmware: 274,227
I (54713) vango_firmware: 265,218
I (54723) vango_firmware: 270,218
I (54733) vango_firmware: 270,222
I (54743) vango_firmware: 265,218
I (54753) vango_firmware: 270,222
I (54763) vango_firmware: 274,222
I (54773) vango_firmware: 265,218
I (54783) vango_firmware: 270,222
I (54793) vango_firmware: 265,218
I (54803) vango_firmware: 274,222
I (54813) vango_firmware: 265,218
I (54823) vango_firmware: 274,222
I (54833) vango_firmware: 265,218
I (54843) vango_firmware: 270,218
I (54853) vango_firmware: 270,222
I (54863) vango_firmware: 270,222
I (54873) vango_firmware: 270,218
I (54883) vango_firmware: 274,222
I (54893) vango_firmware: 265,214
I (54903) vango_firmware: 265,222
I (54913) vango_firmware: 270,222
I (54923) vango_firmware: 270,218
I (54933) vango_firmware: 270,218
I (54943) vango_firmware: 274,222
I (54953) vango_firmware: 265,218
I (54963) vango_firmware: 270,218
I (54973) vango_firmware: 265,222
I (54983) vango_firmware: 270,218
I (54993) vango_firmware: 270,218
I (55003) vango_firmware: 274,222
I (55013) vango_firmware: 265,218
I (55023) vango_firmware: 265,222
I (55033) vango_firmware: 274,222
I (55043) vango_firmware: 265,214
I (55053) vango_firmware: 270,222
I (55063) vango_firmware: 274,227
I (55073) vango_firmware: 265,214
I (55083) vango_firmware: 270,222
I (55093) vango_firmware: 270,218
I (55103) vango_firmware: 265,218
I (55113) vango_firmware: 270,218
I (55123) vango_firmware: 274,222
I (55133) vango_firmware: 265,214
I (55143) vango_firmware: 270,222
I (55153) vango_firmware: 274,218
I (55163) vango_firmware: 261,218
I (55173) vango_firmware: 270,218
I (55183) vango_firmware: 274,222
I (55193) vango_firmware: 265,218
I (55203) vango_firmware: 270,218
I (55213) vango_firmware: 274,227
I (55223) vango_firmware: 265,214
I (55233) vango_firmware: 158,218
I (55243) vango_firmware: 698,222
I (55253) vango_firmware: 252,218
I (55263) vango_firmware: 244,218
I (55273) vango_firmware: 252,222
I (55283) vango_firmware: 252,214
I (55293) vango_firmware: 252,222
I (55303) vango_firmware: 257,218
I (55313) vango_firmware: 261,218
I (55323) vango_firmware: 261,218
I (55333) vango_firmware: 270,222
I (55343) vango_firmware: 257,214
I (55353) vango_firmware: 265,222
I (55363) vango_firmware: 270,218
I (55373) vango_firmware: 265,218
I (55383) vango_firmware: 270,218
I (55393) vango_firmware: 270,222
I (55403) vango_firmware: 265,214
I (55413) vango_firmware: 270,222
I (55423) vango_firmware: 270,222
I (55433) vango_firmware: 265,210
I (55443) vango_firmware: 270,218
I (55453) vango_firmware: 274,222
I (55463) vango_firmware: 261,214
I (55473) vango_firmware: 270,214
I (55483) vango_firmware: 274,222
I (55493) vango_firmware: 265,210
I (55503) vango_firmware: 270,222
I (55513) vango_firmware: 274,218
I (55523) vango_firmware: 261,214
I (55533) vango_firmware: 270,218
I (55543) vango_firmware: 274,218
I (55553) vango_firmware: 265,214
I (55563) vango_firmware: 270,218
I (55573) vango_firmware: 274,222
I (55583) vango_firmware: 265,210
I (55593) vango_firmware: 270,218
I (55603) vango_firmware: 274,218
I (55613) vango_firmware: 265,214
I (55623) vango_firmware: 270,218
I (55633) vango_firmware: 265,214
I (55643) vango_firmware: 270,218
I (55653) vango_firmware: 270,218
I (55663) vango_firmware: 274,222
I (55673) vango_firmware: 265,214
I (55683) vango_firmware: 270,214
I (55693) vango_firmware: 270,214
I (55703) vango_firmware: 270,218
I (55713) vango_firmware: 270,218
I (55723) vango_firmware: 270,218
I (55733) vango_firmware: 265,210
I (55743) vango_firmware: 270,218
I (55753) vango_firmware: 274,218
I (55763) vango_firmware: 265,214
I (55773) vango_firmware: 270,214
I (55783) vango_firmware: 274,222
I (55793) vango_firmware: 261,210
I (55803) vango_firmware: 270,218
I (55813) vango_firmware: 274,222
I (55823) vango_firmware: 265,210
I (55833) vango_firmware: 270,218
I (55843) vango_firmware: 274,218
I (55853) vango_firmware: 265,214
I (55863) vango_firmware: 265,214
I (55873) vango_firmware: 274,222
I (55883) vango_firmware: 265,210
I (55893) vango_firmware: 270,218
I (55903) vango_firmware: 274,218
I (55913) vango_firmware: 261,214
I (55923) vango_firmware: 270,214
I (55933) vango_firmware: 274,222
I (55943) vango_firmware: 265,210
I (55953) vango_firmware: 270,218
I (55963) vango_firmware: 265,214
I (55973) vango_firmware: 274,218
I (55983) vango_firmware: 265,214
I (55993) vango_firmware: 274,218
I (56003) vango_firmware: 265,214
I (56013) vango_firmware: 270,218
I (56023) vango_firmware: 270,218
I (56033) vango_firmware: 270,214
I (56043) vango_firmware: 270,218
I (56053) vango_firmware: 274,218
I (56063) vango_firmware: 261,214
I (56073) vango_firmware: 270,218
I (56083) vango_firmware: 274,218
I (56093) vango_firmware: 265,214
I (56103) vango_firmware: 270,218
I (56113) vango_firmware: 274,222
I (56123) vango_firmware: 261,214
I (56133) vango_firmware: 270,214
I (56143) vango_firmware: 274,222
I (56153) vango_firmware: 265,210
I (56163) vango_firmware: 270,218
I (56173) vango_firmware: 274,222
I (56183) vango_firmware: 261,210
I (56193) vango_firmware: 270,218
I (56203) vango_firmware: 274,222
I (56213) vango_firmware: 265,214
I (56223) vango_firmware: 270,214
I (56233) vango_firmware: 274,222
I (56243) vango_firmware: 265,214
I (56253) vango_firmware: 270,218
I (56263) vango_firmware: 274,222
I (56273) vango_firmware: 261,210
I (56283) vango_firmware: 270,218
I (56293) vango_firmware: 270,214
I (56303) vango_firmware: 270,218
I (56313) vango_firmware: 270,214
I (56323) vango_firmware: 274,222
I (56333) vango_firmware: 265,210
I (56343) vango_firmware: 265,214
I (56353) vango_firmware: 270,218
I (56363) vango_firmware: 270,218
I (56373) vango_firmware: 270,214
I (56383) vango_firmware: 274,222
I (56393) vango_firmware: 265,210
I (56403) vango_firmware: 265,218
I (56413) vango_firmware: 270,214
I (56423) vango_firmware: 270,214
I (56433) vango_firmware: 270,214
I (56443) vango_firmware: 274,222
I (56453) vango_firmware: 265,210
I (56463) vango_firmware: 270,214
I (56473) vango_firmware: 265,218
I (56483) vango_firmware: 270,214
I (56493) vango_firmware: 270,214
I (56503) vango_firmware: 274,222
I (56513) vango_firmware: 265,210
I (56523) vango_firmware: 270,214
I (56533) vango_firmware: 274,218
I (56543) vango_firmware: 261,210
I (56553) vango_firmware: 270,214
I (56563) vango_firmware: 274,222
I (56573) vango_firmware: 265,205
I (56583) vango_firmware: 270,214
I (56593) vango_firmware: 265,210
I (56603) vango_firmware: 270,214
I (56613) vango_firmware: 270,210
I (56623) vango_firmware: 274,218
I (56633) vango_firmware: 261,205
I (56643) vango_firmware: 270,214
I (56653) vango_firmware: 274,214
I (56663) vango_firmware: 265,205
I (56673) vango_firmware: 265,214
I (56683) vango_firmware: 278,214
I (56693) vango_firmware: 261,205
I (56703) vango_firmware: 270,214
I (56713) vango_firmware: 274,218
I (56723) vango_firmware: 261,205
I (56733) vango_firmware: 274,210
I (56743) vango_firmware: 274,214
I (56753) vango_firmware: 261,205
I (56763) vango_firmware: 270,210
I (56773) vango_firmware: 274,214
I (56783) vango_firmware: 261,201
I (56793) vango_firmware: 270,210
I (56803) vango_firmware: 270,205
I (56813) vango_firmware: 270,210
I (56823) vango_firmware: 270,205
I (56833) vango_firmware: 274,214
I (56843) vango_firmware: 261,197
I (56853) vango_firmware: 270,210
I (56863) vango_firmware: 270,205
I (56873) vango_firmware: 265,205
I (56883) vango_firmware: 270,205
I (56893) vango_firmware: 278,210
I (56903) vango_firmware: 261,201
I (56913) vango_firmware: 270,210
I (56923) vango_firmware: 270,205
I (56933) vango_firmware: 265,205
I (56943) vango_firmware: 270,201
I (56953) vango_firmware: 278,214
I (56963) vango_firmware: 261,201
I (56973) vango_firmware: 270,205
I (56983) vango_firmware: 274,210
I (56993) vango_firmware: 261,201
I (57003) vango_firmware: 270,205
I (57013) vango_firmware: 278,218
I (57023) vango_firmware: 261,201
I (57033) vango_firmware: 265,205
I (57043) vango_firmware: 278,210
I (57053) vango_firmware: 261,201
I (57063) vango_firmware: 270,205
I (57073) vango_firmware: 274,210
I (57083) vango_firmware: 261,197
I (57093) vango_firmware: 270,205
I (57103) vango_firmware: 274,210
I (57113) vango_firmware: 265,197
I (57123) vango_firmware: 270,205
I (57133) vango_firmware: 274,210
I (57143) vango_firmware: 261,201
I (57153) vango_firmware: 270,205
I (57163) vango_firmware: 278,210
I (57173) vango_firmware: 261,201
I (57183) vango_firmware: 265,201
I (57193) vango_firmware: 278,210
I (57203) vango_firmware: 261,197
I (57213) vango_firmware: 270,210
I (57223) vango_firmware: 274,210
I (57233) vango_firmware: 265,197
I (57243) vango_firmware: 265,201
I (57253) vango_firmware: 270,205
I (57263) vango_firmware: 270,205
I (57273) vango_firmware: 265,201
I (57283) vango_firmware: 278,205
I (57293) vango_firmware: 261,197
I (57303) vango_firmware: 265,201
I (57313) vango_firmware: 270,205
I (57323) vango_firmware: 270,201
I (57333) vango_firmware: 270,201
I (57343) vango_firmware: 274,210
I (57353) vango_firmware: 261,197
I (57363) vango_firmware: 270,201
I (57373) vango_firmware: 270,201
I (57383) vango_firmware: 270,201
I (57393) vango_firmware: 270,201
I (57403) vango_firmware: 274,205
I (57413) vango_firmware: 261,197
I (57423) vango_firmware: 270,201
I (57433) vango_firmware: 274,205
I (57443) vango_firmware: 261,197
I (57453) vango_firmware: 270,201
I (57463) vango_firmware: 278,210
I (57473) vango_firmware: 261,197
I (57483) vango_firmware: 270,197
I (57493) vango_firmware: 274,205
I (57503) vango_firmware: 261,192
I (57513) vango_firmware: 270,197
I (57523) vango_firmware: 274,205
I (57533) vango_firmware: 261,192
I (57543) vango_firmware: 270,197
I (57553) vango_firmware: 278,205
I (57563) vango_firmware: 261,192
I (57573) vango_firmware: 265,197
I (57583) vango_firmware: 270,201
I (57593) vango_firmware: 270,197
I (57603) vango_firmware: 270,201
I (57613) vango_firmware: 278,205
I (57623) vango_firmware: 261,197
I (57633) vango_firmware: 270,197
I (57643) vango_firmware: 265,197
I (57653) vango_firmware: 270,201
I (57663) vango_firmware: 270,201
I (57673) vango_firmware: 278,201
I (57683) vango_firmware: 257,188
I (57693) vango_firmware: 270,201
I (57703) vango_firmware: 270,197
I (57713) vango_firmware: 270,197
I (57723) vango_firmware: 270,197
I (57733) vango_firmware: 274,201
I (57743) vango_firmware: 261,192
I (57753) vango_firmware: 270,197
I (57763) vango_firmware: 274,205
I (57773) vango_firmware: 261,188
I (57783) vango_firmware: 270,197
I (57793) vango_firmware: 278,201
I (57803) vango_firmware: 261,188
I (57813) vango_firmware: 270,197
I (57823) vango_firmware: 274,205
I (57833) vango_firmware: 261,184
I (57843) vango_firmware: 270,197
I (57853) vango_firmware: 278,205
I (57863) vango_firmware: 261,188
I (57873) vango_firmware: 270,192
I (57883) vango_firmware: 274,201
I (57893) vango_firmware: 261,188
I (57903) vango_firmware: 270,197
I (57913) vango_firmware: 274,205
I (57923) vango_firmware: 261,188
I (57933) vango_firmware: 270,192
I (57943) vango_firmware: 278,197
I (57953) vango_firmware: 257,184
I (57963) vango_firmware: 270,197
I (57973) vango_firmware: 270,188
I (57983) vango_firmware: 270,192
I (57993) vango_firmware: 265,188
I (58003) vango_firmware: 278,192
I (58013) vango_firmware: 261,188
I (58023) vango_firmware: 270,188
I (58033) vango_firmware: 265,188
I (58043) vango_firmware: 270,188
I (58053) vango_firmware: 270,188
I (58063) vango_firmware: 278,197
I (58073) vango_firmware: 261,184
I (58083) vango_firmware: 270,188
I (58093) vango_firmware: 265,184
I (58103) vango_firmware: 270,188
I (58113) vango_firmware: 270,192
I (58123) vango_firmware: 278,192
I (58133) vango_firmware: 261,180
I (58143) vango_firmware: 270,188
I (58153) vango_firmware: 274,192
I (58163) vango_firmware: 261,180
I (58173) vango_firmware: 270,188
I (58183) vango_firmware: 278,192
I (58193) vango_firmware: 257,180
I (58203) vango_firmware: 270,192
I (58213) vango_firmware: 278,192
I (58223) vango_firmware: 257,184
I (58233) vango_firmware: 270,184
I (58243) vango_firmware: 278,197
I (58253) vango_firmware: 261,180
I (58263) vango_firmware: 270,188
I (58273) vango_firmware: 278,197
I (58283) vango_firmware: 261,180
I (58293) vango_firmware: 265,188
I (58303) vango_firmware: 278,192
I (58313) vango_firmware: 261,184
I (58323) vango_firmware: 270,188
I (58333) vango_firmware: 278,192
I (58343) vango_firmware: 261,180
I (58353) vango_firmware: 270,188
I (58363) vango_firmware: 274,197
I (58373) vango_firmware: 261,184
I (58383) vango_firmware: 270,184
I (58393) vango_firmware: 278,192
I (58403) vango_firmware: 261,180
I (58413) vango_firmware: 265,188
I (58423) vango_firmware: 278,192
I (58433) vango_firmware: 261,175
I (58443) vango_firmware: 270,188
I (58453) vango_firmware: 278,192
I (58463) vango_firmware: 261,180
I (58473) vango_firmware: 265,184
I (58483) vango_firmware: 270,184
I (58493) vango_firmware: 270,188
I (58503) vango_firmware: 270,184
I (58513) vango_firmware: 278,197
I (58523) vango_firmware: 261,180
I (58533) vango_firmware: 265,184
I (58543) vango_firmware: 270,180
I (58553) vango_firmware: 270,184
I (58563) vango_firmware: 270,188
I (58573) vango_firmware: 278,188
I (58583) vango_firmware: 261,175
I (58593) vango_firmware: 270,184
I (58603) vango_firmware: 265,180
I (58613) vango_firmware: 270,184
I (58623) vango_firmware: 270,184
I (58633) vango_firmware: 278,188
I (58643) vango_firmware: 257,175
I (58653) vango_firmware: 270,184
I (58663) vango_firmware: 278,188
I (58673) vango_firmware: 261,175
I (58683) vango_firmware: 270,184
I (58693) vango_firmware: 278,188
I (58703) vango_firmware: 257,171
I (58713) vango_firmware: 270,184
I (58723) vango_firmware: 278,192
I (58733) vango_firmware: 261,171
I (58743) vango_firmware: 270,180
I (58753) vango_firmware: 278,188
I (58763) vango_firmware: 257,175
I (58773) vango_firmware: 270,184
I (58783) vango_firmware: 278,188
I (58793) vango_firmware: 261,175
I (58803) vango_firmware: 270,184
I (58813) vango_firmware: 278,192
I (58823) vango_firmware: 257,175
I (58833) vango_firmware: 270,180
I (58843) vango_firmware: 278,184
I (58853) vango_firmware: 261,175
I (58863) vango_firmware: 265,184
I (58873) vango_firmware: 278,188
I (58883) vango_firmware: 261,171
I (58893) vango_firmware: 270,180
I (58903) vango_firmware: 278,188
I (58913) vango_firmware: 257,175
I (58923) vango_firmware: 270,180
I (58933) vango_firmware: 270,180
I (58943) vango_firmware: 270,180
I (58953) vango_firmware: 270,184
I (58963) vango_firmware: 278,188
I (58973) vango_firmware: 257,175
I (58983) vango_firmware: 274,180
I (58993) vango_firmware: 265,180
I (59003) vango_firmware: 270,180
I (59013) vango_firmware: 270,184
I (59023) vango_firmware: 278,188
I (59033) vango_firmware: 261,171
I (59043) vango_firmware: 270,180
I (59053) vango_firmware: 265,180
I (59063) vango_firmware: 270,180
I (59073) vango_firmware: 270,180
I (59083) vango_firmware: 278,184
I (59093) vango_firmware: 257,171
I (59103) vango_firmware: 270,184
I (59113) vango_firmware: 270,180
I (59123) vango_firmware: 270,180
I (59133) vango_firmware: 270,180
I (59143) vango_firmware: 278,184
I (59153) vango_firmware: 257,171
I (59163) vango_firmware: 270,184
I (59173) vango_firmware: 282,188
I (59183) vango_firmware: 257,167
I (59193) vango_firmware: 270,180
I (59203) vango_firmware: 278,188
I (59213) vango_firmware: 257,171
I (59223) vango_firmware: 270,180
I (59233) vango_firmware: 282,184
I (59243) vango_firmware: 257,171
I (59253) vango_firmware: 270,184
I (59263) vango_firmware: 278,188
I (59273) vango_firmware: 257,171
I (59283) vango_firmware: 270,180
I (59293) vango_firmware: 282,188
I (59303) vango_firmware: 252,167
I (59313) vango_firmware: 270,184
I (59323) vango_firmware: 282,188
I (59333) vango_firmware: 257,171
I (59343) vango_firmware: 265,175
I (59353) vango_firmware: 282,184
I (59363) vango_firmware: 257,171
I (59373) vango_firmware: 265,180
I (59383) vango_firmware: 278,184
I (59393) vango_firmware: 261,175
I (59403) vango_firmware: 270,180
I (59413) vango_firmware: 278,188
I (59423) vango_firmware: 257,171
I (59433) vango_firmware: 270,180
I (59443) vango_firmware: 270,175
I (59453) vango_firmware: 270,180
I (59463) vango_firmware: 270,180
I (59473) vango_firmware: 278,184
I (59483) vango_firmware: 257,171
I (59493) vango_firmware: 270,175
I (59503) vango_firmware: 278,184
I (59513) vango_firmware: 261,175
I (59523) vango_firmware: 265,180
I (59533) vango_firmware: 282,184
I (59543) vango_firmware: 257,167
I (59553) vango_firmware: 265,184
I (59563) vango_firmware: 270,180
I (59573) vango_firmware: 270,175
I (59583) vango_firmware: 270,180
I (59593) vango_firmware: 278,184
I (59603) vango_firmware: 257,171
I (59613) vango_firmware: 274,180
I (59623) vango_firmware: 265,180
I (59633) vango_firmware: 270,175
I (59643) vango_firmware: 270,175
I (59653) vango_firmware: 282,188
I (59663) vango_firmware: 257,171
I (59673) vango_firmware: 270,175
I (59683) vango_firmware: 265,180
I (59693) vango_firmware: 270,175
I (59703) vango_firmware: 270,180
I (59713) vango_firmware: 282,188
I (59723) vango_firmware: 257,171
I (59733) vango_firmware: 270,175
I (59743) vango_firmware: 278,184
I (59753) vango_firmware: 257,167
I (59763) vango_firmware: 270,180
I (59773) vango_firmware: 282,184
I (59783) vango_firmware: 252,167
I (59793) vango_firmware: 270,175
I (59803) vango_firmware: 282,180
I (59813) vango_firmware: 257,171
I (59823) vango_firmware: 265,175
I (59833) vango_firmware: 282,184
I (59843) vango_firmware: 257,167
I (59853) vango_firmware: 265,175
I (59863) vango_firmware: 282,188
I (59873) vango_firmware: 257,167
I (59883) vango_firmware: 270,171
I (59893) vango_firmware: 278,180
I (59903) vango_firmware: 257,162
I (59913) vango_firmware: 270,175
I (59923) vango_firmware: 282,180
I (59933) vango_firmware: 257,162
I (59943) vango_firmware: 270,171
I (59953) vango_firmware: 278,180
I (59963) vango_firmware: 257,162
I (59973) vango_firmware: 270,171
I (59983) vango_firmware: 282,180
I (59993) vango_firmware: 257,162
I (60003) vango_firmware: 265,175
I (60013) vango_firmware: 270,175
I (60023) vango_firmware: 270,171
I (60033) vango_firmware: 270,171
I (60043) vango_firmware: 278,175
I (60053) vango_firmware: 257,162
I (60063) vango_firmware: 270,175
I (60073) vango_firmware: 282,180
I (60083) vango_firmware: 257,158
I (60093) vango_firmware: 270,171
I (60103) vango_firmware: 278,175
I (60113) vango_firmware: 257,162
I (60123) vango_firmware: 270,167
I (60133) vango_firmware: 282,180
I (60143) vango_firmware: 265,162
I (60153) vango_firmware: 257,167
I (60163) vango_firmware: 282,180
I (60173) vango_firmware: 257,158
I (60183) vango_firmware: 270,167
I (60193) vango_firmware: 282,171
I (60203) vango_firmware: 257,158
I (60213) vango_firmware: 270,167
I (60223) vango_firmware: 278,180
I (60233) vango_firmware: 257,154
I (60243) vango_firmware: 270,167
I (60253) vango_firmware: 282,175
I (60263) vango_firmware: 252,158
I (60273) vango_firmware: 270,167
I (60283) vango_firmware: 282,175
I (60293) vango_firmware: 257,158
I (60303) vango_firmware: 270,167
I (60313) vango_firmware: 282,175
I (60323) vango_firmware: 257,162
I (60333) vango_firmware: 270,162
I (60343) vango_firmware: 278,175
I (60353) vango_firmware: 257,154
I (60363) vango_firmware: 270,171
I (60373) vango_firmware: 282,175
I (60383) vango_firmware: 257,154
I (60393) vango_firmware: 265,162
I (60403) vango_firmware: 270,162
I (60413) vango_firmware: 270,167
I (60423) vango_firmware: 270,162
I (60433) vango_firmware: 282,167
I (60443) vango_firmware: 257,154
I (60453) vango_firmware: 265,162
I (60463) vango_firmware: 270,167
I (60473) vango_firmware: 270,162
I (60483) vango_firmware: 270,158
I (60493) vango_firmware: 282,167
I (60503) vango_firmware: 252,150
I (60513) vango_firmware: 270,162
I (60523) vango_firmware: 270,162
I (60533) vango_firmware: 270,158
I (60543) vango_firmware: 270,158
I (60553) vango_firmware: 278,167
I (60563) vango_firmware: 257,154
I (60573) vango_firmware: 270,158
I (60583) vango_firmware: 282,171
I (60593) vango_firmware: 252,150
I (60603) vango_firmware: 270,162
I (60613) vango_firmware: 282,171
I (60623) vango_firmware: 257,150
I (60633) vango_firmware: 270,158
I (60643) vango_firmware: 278,167
I (60653) vango_firmware: 257,150
I (60663) vango_firmware: 270,158
I (60673) vango_firmware: 265,162
I (60683) vango_firmware: 270,158
I (60693) vango_firmware: 270,154
I (60703) vango_firmware: 282,167
I (60713) vango_firmware: 257,154
I (60723) vango_firmware: 270,154
I (60733) vango_firmware: 265,158
I (60743) vango_firmware: 270,158
I (60753) vango_firmware: 270,158
I (60763) vango_firmware: 282,167
I (60773) vango_firmware: 257,150
I (60783) vango_firmware: 270,154
I (60793) vango_firmware: 270,154
I (60803) vango_firmware: 270,158
I (60813) vango_firmware: 270,154
I (60823) vango_firmware: 282,162
I (60833) vango_firmware: 252,145
I (60843) vango_firmware: 270,158
I (60853) vango_firmware: 282,158
I (60863) vango_firmware: 252,150
I (60873) vango_firmware: 270,154
I (60883) vango_firmware: 282,162
I (60893) vango_firmware: 257,145
I (60903) vango_firmware: 270,154
I (60913) vango_firmware: 278,167
I (60923) vango_firmware: 257,145
I (60933) vango_firmware: 270,154
I (60943) vango_firmware: 282,154
I (60953) vango_firmware: 257,145
I (60963) vango_firmware: 270,154
I (60973) vango_firmware: 282,158
I (60983) vango_firmware: 252,141
I (60993) vango_firmware: 270,150
I (61003) vango_firmware: 282,158
I (61013) vango_firmware: 252,141
I (61023) vango_firmware: 270,154
I (61033) vango_firmware: 282,158
I (61043) vango_firmware: 252,141
I (61053) vango_firmware: 274,150
I (61063) vango_firmware: 282,162
I (61073) vango_firmware: 252,141
I (61083) vango_firmware: 270,150
I (61093) vango_firmware: 282,150
I (61103) vango_firmware: 252,141
I (61113) vango_firmware: 265,145
I (61123) vango_firmware: 270,150
I (61133) vango_firmware: 265,145
I (61143) vango_firmware: 270,145
I (61153) vango_firmware: 282,154
I (61163) vango_firmware: 252,137
I (61173) vango_firmware: 270,150
I (61183) vango_firmware: 270,145
I (61193) vango_firmware: 265,145
I (61203) vango_firmware: 274,145
I (61213) vango_firmware: 278,154
I (61223) vango_firmware: 257,141
I (61233) vango_firmware: 270,141
I (61243) vango_firmware: 265,141
I (61253) vango_firmware: 274,145
I (61263) vango_firmware: 265,141
I (61273) vango_firmware: 282,154
I (61283) vango_firmware: 257,132
I (61293) vango_firmware: 270,141
I (61303) vango_firmware: 282,145
I (61313) vango_firmware: 252,137
I (61323) vango_firmware: 270,141
I (61333) vango_firmware: 287,150
I (61343) vango_firmware: 252,128
I (61353) vango_firmware: 270,141
I (61363) vango_firmware: 282,150
I (61373) vango_firmware: 252,132
I (61383) vango_firmware: 270,137
I (61393) vango_firmware: 282,141
I (61403) vango_firmware: 252,128
I (61413) vango_firmware: 270,141
I (61423) vango_firmware: 282,141
I (61433) vango_firmware: 252,128
I (61443) vango_firmware: 270,132
I (61453) vango_firmware: 282,141
I (61463) vango_firmware: 252,124
I (61473) vango_firmware: 270,137
I (61483) vango_firmware: 282,141
I (61493) vango_firmware: 252,124
I (61503) vango_firmware: 270,132
I (61513) vango_firmware: 265,137
I (61523) vango_firmware: 270,132
I (61533) vango_firmware: 270,132
I (61543) vango_firmware: 282,137
I (61553) vango_firmware: 252,120
I (61563) vango_firmware: 270,137
I (61573) vango_firmware: 270,128
I (61583) vango_firmware: 270,128
I (61593) vango_firmware: 265,128
I (61603) vango_firmware: 282,132
I (61613) vango_firmware: 257,120
I (61623) vango_firmware: 158,132
I (61633) vango_firmware: 711,132
I (61643) vango_firmware: 227,115
I (61653) vango_firmware: 248,128
I (61663) vango_firmware: 265,132
I (61673) vango_firmware: 231,120
I (61683) vango_firmware: 252,124
I (61693) vango_firmware: 261,124
I (61703) vango_firmware: 235,115
I (61713) vango_firmware: 252,124
I (61723) vango_firmware: 274,128
I (61733) vango_firmware: 240,111
I (61743) vango_firmware: 257,120
I (61753) vango_firmware: 274,124
I (61763) vango_firmware: 240,111
I (61773) vango_firmware: 261,115
I (61783) vango_firmware: 278,124
I (61793) vango_firmware: 248,111
I (61803) vango_firmware: 265,115
I (61813) vango_firmware: 282,124
I (61823) vango_firmware: 248,107
I (61833) vango_firmware: 265,115
I (61843) vango_firmware: 265,107
I (61853) vango_firmware: 265,111
I (61863) vango_firmware: 265,111
I (61873) vango_firmware: 282,115
I (61883) vango_firmware: 252,102
I (61893) vango_firmware: 270,107
I (61903) vango_firmware: 265,107
I (61913) vango_firmware: 265,102
I (61923) vango_firmware: 274,111
I (61933) vango_firmware: 282,107
I (61943) vango_firmware: 252,98
I (61953) vango_firmware: 270,102
I (61963) vango_firmware: 265,102
I (61973) vango_firmware: 270,102
I (61983) vango_firmware: 270,102
I (61993) vango_firmware: 282,102
I (62003) vango_firmware: 252,94
I (62013) vango_firmware: 274,102
I (62023) vango_firmware: 282,102
I (62033) vango_firmware: 252,90
I (62043) vango_firmware: 265,98
I (62053) vango_firmware: 287,98
I (62063) vango_firmware: 252,85
I (62073) vango_firmware: 270,98
I (62083) vango_firmware: 278,98
I (62093) vango_firmware: 257,90
I (62103) vango_firmware: 265,90
I (62113) vango_firmware: 270,94
I (62123) vango_firmware: 270,94
I (62133) vango_firmware: 270,90
I (62143) vango_firmware: 287,94
I (62153) vango_firmware: 248,81
I (62163) vango_firmware: 270,90
I (62173) vango_firmware: 270,90
I (62183) vango_firmware: 270,85
I (62193) vango_firmware: 270,81
I (62203) vango_firmware: 282,90
I (62213) vango_firmware: 252,77
I (62223) vango_firmware: 265,81
I (62233) vango_firmware: 270,81
I (62243) vango_firmware: 270,81
I (62253) vango_firmware: 270,77
I (62263) vango_firmware: 282,81
I (62273) vango_firmware: 252,72
I (62283) vango_firmware: 270,77
I (62293) vango_firmware: 282,72
I (62303) vango_firmware: 252,68
I (62313) vango_firmware: 270,72
I (62323) vango_firmware: 282,72
I (62333) vango_firmware: 252,64
I (62343) vango_firmware: 270,64
I (62353) vango_firmware: 282,68
I (62363) vango_firmware: 252,60
I (62373) vango_firmware: 270,64
I (62383) vango_firmware: 282,64
I (62393) vango_firmware: 252,55
I (62403) vango_firmware: 270,60
I (62413) vango_firmware: 282,60
I (62423) vango_firmware: 252,55
I (62433) vango_firmware: 270,55
I (62443) vango_firmware: 287,55
I (62453) vango_firmware: 248,47
I (62463) vango_firmware: 274,51
I (62473) vango_firmware: 282,51
I (62483) vango_firmware: 248,47
I (62493) vango_firmware: 270,51
I (62503) vango_firmware: 282,47
I (62513) vango_firmware: 248,42
I (62523) vango_firmware: 270,51
I (62533) vango_firmware: 282,47
I (62543) vango_firmware: 252,42
I (62553) vango_firmware: 265,42
I (62563) vango_firmware: 287,47
I (62573) vango_firmware: 252,38
I (62583) vango_firmware: 270,38
I (62593) vango_firmware: 282,38
I (62603) vango_firmware: 252,30
I (62613) vango_firmware: 270,34
I (62623) vango_firmware: 282,34
I (62633) vango_firmware: 252,30
I (62643) vango_firmware: 270,30
I (62653) vango_firmware: 282,25
I (62663) vango_firmware: 252,25
I (62673) vango_firmware: 265,25
I (62683) vango_firmware: 287,21
I (62693) vango_firmware: 252,21
I (62703) vango_firmware: 274,17
I (62713) vango_firmware: 282,12
I (62723) vango_firmware: 248,12
I (62733) vango_firmware: 270,12
I (62743) vango_firmware: 265,8
I (62753) vango_firmware: 270,8
I (62763) vango_firmware: 270,4
I (62773) vango_firmware: 282,4
I (62783) vango_firmware: 252,4
I (62793) vango_firmware: 270,0
I (62803) vango_firmware: 265,0
I (62813) vango_firmware: 270,0
I (62823) vango_firmware: 274,0
I (62833) vango_firmware: 282,0
I (62843) vango_firmware: 248,0
I (62853) vango_firmware: 270,0
I (62863) vango_firmware: 287,0
I (62873) vango_firmware: 248,0
I (62883) vango_firmware: 270,0
I (62893) vango_firmware: 287,0
I (62903) vango_firmware: 248,0
I (62913) vango_firmware: 270,0
I (62923) vango_firmware: 282,0
I (62933) vango_firmware: 252,0
I (62943) vango_firmware: 265,0
I (62953) vango_firmware: 287,0
I (62963) vango_firmware: 248,0
I (62973) vango_firmware: 265,0
I (62983) vango_firmware: 287,0
I (62993) vango_firmware: 248,0
I (63003) vango_firmware: 270,0
I (63013) vango_firmware: 287,0
I (63023) vango_firmware: 248,0
I (63033) vango_firmware: 270,0
I (63043) vango_firmware: 282,0
I (63053) vango_firmware: 252,0
I (63063) vango_firmware: 265,0
I (63073) vango_firmware: 287,0
I (63083) vango_firmware: 248,0
I (63093) vango_firmware: 270,0
I (63103) vango_firmware: 282,0
I (63113) vango_firmware: 248,0
I (63123) vango_firmware: 270,0
I (63133) vango_firmware: 265,0
I (63143) vango_firmware: 270,0
I (63153) vango_firmware: 270,0
I (63163) vango_firmware: 287,0
I (63173) vango_firmware: 252,0
I (63183) vango_firmware: 274,0
I (63193) vango_firmware: 261,0
I (63203) vango_firmware: 270,0
I (63213) vango_firmware: 270,0
I (63223) vango_firmware: 282,0
I (63233) vango_firmware: 252,0
I (63243) vango_firmware: 270,0
I (63253) vango_firmware: 287,0
I (63263) vango_firmware: 248,0
I (63273) vango_firmware: 270,0
I (63283) vango_firmware: 287,0
I (63293) vango_firmware: 252,0
I (63303) vango_firmware: 270,0
I (63313) vango_firmware: 287,0
I (63323) vango_firmware: 248,0
I (63333) vango_firmware: 274,0
I (63343) vango_firmware: 282,0
I (63353) vango_firmware: 248,0
I (63363) vango_firmware: 270,0
I (63373) vango_firmware: 287,0
I (63383) vango_firmware: 248,0
I (63393) vango_firmware: 265,0
I (63403) vango_firmware: 265,0
I (63413) vango_firmware: 270,0
I (63423) vango_firmware: 265,0
I (63433) vango_firmware: 287,0
I (63443) vango_firmware: 248,0
I (63453) vango_firmware: 270,0
I (63463) vango_firmware: 265,0
I (63473) vango_firmware: 270,0
I (63483) vango_firmware: 265,0
I (63493) vango_firmware: 287,0
I (63503) vango_firmware: 248,0
I (63513) vango_firmware: 270,0
I (63523) vango_firmware: 270,0
I (63533) vango_firmware: 270,0
I (63543) vango_firmware: 265,0
I (63553) vango_firmware: 287,0
I (63563) vango_firmware: 248,0
I (63573) vango_firmware: 270,0
I (63583) vango_firmware: 270,0
I (63593) vango_firmware: 270,0
I (63603) vango_firmware: 270,0
I (63613) vango_firmware: 287,0
I (63623) vango_firmware: 252,0
I (63633) vango_firmware: 270,0
I (63643) vango_firmware: 265,0
I (63653) vango_firmware: 270,0
I (63663) vango_firmware: 270,0
I (63673) vango_firmware: 287,0
I (63683) vango_firmware: 252,0
I (63693) vango_firmware: 270,0
I (63703) vango_firmware: 287,0
I (63713) vango_firmware: 248,0
I (63723) vango_firmware: 270,0
I (63733) vango_firmware: 287,0
I (63743) vango_firmware: 252,0
I (63753) vango_firmware: 270,0
I (63763) vango_firmware: 287,0
I (63773) vango_firmware: 248,0
I (63783) vango_firmware: 270,0
I (63793) vango_firmware: 287,0
I (63803) vango_firmware: 248,0
I (63813) vango_firmware: 270,0
I (63823) vango_firmware: 287,0
I (63833) vango_firmware: 248,0
I (63843) vango_firmware: 265,0
I (63853) vango_firmware: 270,0
I (63863) vango_firmware: 265,0
I (63873) vango_firmware: 265,0
I (63883) vango_firmware: 287,0
I (63893) vango_firmware: 248,0
I (63903) vango_firmware: 270,0
I (63913) vango_firmware: 270,0
I (63923) vango_firmware: 265,0
I (63933) vango_firmware: 265,0
I (63943) vango_firmware: 287,0
